,start,end,chr,type,algorithm,qual,sample,numb_exons,gene,algorithms_detected,algorithms_overlap
0,33019785,33051816,chr12,DEL,in_silico,,RB35019,4.0,PKP2,set(),"{'cnvkit': 0, 'grapes2': 0, 'decon': 0, 'gatk': 0}"
1,108356798,108399596,chr9,DEL,in_silico,,RB36085,8.0,FKTN,set(),"{'cnvkit': 0, 'grapes2': 0, 'decon': 0, 'gatk': 0}"
2,189453453,189589271,chr3,DEL,in_silico,,RB36086,8.0,TP63,set(),"{'cnvkit': 0, 'grapes2': 0, 'decon': 0, 'gatk': 0}"
3,155872026,155876670,chr1,DEL,in_silico,,RB36146,2.0,RIT1,set(),"{'cnvkit': 0, 'grapes2': 11.068044788975023, 'decon': 13.8458225667528, 'gatk': 12.123169681309216}"
4,16604486,16609090,chr19,DEL,in_silico,,RB36157,2.0,CALR3,set(),"{'cnvkit': 0, 'grapes2': 8.66637706342311, 'decon': 13.097306689834925, 'gatk': 9.730668983492615}"
5,155872026,155876670,chr1,DEL,in_silico,,RB36246,2.0,RIT1,set(),"{'cnvkit': 0, 'grapes2': 11.068044788975023, 'decon': 13.8458225667528, 'gatk': 12.123169681309216}"
6,32426184,32433967,chr18,DEL,in_silico,,RB36278,2.0,DTNA,set(),"{'cnvkit': 0, 'grapes2': 0, 'decon': 0, 'gatk': 0}"
7,21557974,21566813,chr1,DEL,in_silico,,RB36287,4.0,ECE1,set(),"{'cnvkit': 0, 'grapes2': 0, 'decon': 0, 'gatk': 0}"
8,75828352,75836737,chr10,DEL,in_silico,,RB36307,4.0,VCL,set(),"{'cnvkit': 0, 'grapes2': 0, 'decon': 0, 'gatk': 0}"
9,155872026,155876670,chr1,DEL,in_silico,,RB36337,2.0,RIT1,set(),"{'cnvkit': 0, 'grapes2': 11.068044788975023, 'decon': 13.8458225667528, 'gatk': 12.123169681309216}"
10,72179899,72214031,chr8,DEL,in_silico,,RB36373,4.0,EYA1,set(),"{'cnvkit': 0, 'grapes2': 0, 'decon': 0, 'gatk': 0}"
11,115254344,115260831,chr1,DEL,in_silico,,RB36547,2.0,NRAS,set(),"{'cnvkit': 0, 'grapes2': 0, 'decon': 0, 'gatk': 0}"
12,32186038,32209452,chr3,DEL,in_silico,,RB36557,4.0,GPD1L,set(),"{'cnvkit': 0, 'grapes2': 0, 'decon': 0, 'gatk': 0}"
13,237952653,237963545,chr1,DEL,in_silico,,RB36715,5.0,RYR2,set(),"{'cnvkit': 0, 'grapes2': 0, 'decon': 0, 'gatk': 0}"
14,30646225,30732078,chr3,DEL,in_silico,,RB36964,6.0,TGFBR2,set(),"{'cnvkit': 0, 'grapes2': 0, 'decon': 0, 'gatk': 0}"
15,115249105,115254424,chr1,DUP,in_silico,,RB35019,2.0,NRAS,set(),"{'cnvkit': 0, 'grapes2': 0, 'decon': 0, 'gatk': 0}"
16,118009846,118025467,chr11,DUP,in_silico,,RB36085,4.0,SCN4B,set(),"{'cnvkit': 0, 'grapes2': 0, 'decon': 0, 'gatk': 0}"
17,12651373,12662271,chr3,DUP,in_silico,,RB36086,2.0,RAF1,set(),"{'cnvkit': 0, 'grapes2': 0, 'decon': 0, 'gatk': 0}"
18,31836016,31857011,chrX,DUP,in_silico,,RB36278,2.0,DMD,set(),"{'cnvkit': 0, 'grapes2': 0, 'decon': 0, 'gatk': 0}"
19,69931745,69963826,chr10,DUP,in_silico,,RB36287,8.0,MYPN,set(),"{'cnvkit': 0, 'grapes2': 0, 'decon': 0, 'gatk': 0}"
20,38589498,38634172,chr15,DUP,in_silico,,RB36307,4.0,SPRED1,set(),"{'cnvkit': 0, 'grapes2': 0, 'decon': 0, 'gatk': 0}"
21,112743310,112773626,chr10,DUP,in_silico,,RB36373,7.0,SHOC2,set(),"{'cnvkit': 0, 'grapes2': 0, 'decon': 0, 'gatk': 0}"
22,116258377,116313213,chr1,DUP,in_silico,,RB36715,8.0,CASQ2,set(),"{'cnvkit': 0, 'grapes2': 0, 'decon': 0, 'gatk': 0}"
23,155872026,155876670,chr1,DUP,in_silico,,RB36857,2.0,RIT1,set(),"{'cnvkit': 0, 'grapes2': 11.068044788975023, 'decon': 13.8458225667528, 'gatk': 0}"
24,155872026,155876670,chr1,DUP,in_silico,,RB36867,2.0,RIT1,set(),"{'cnvkit': 0, 'grapes2': 11.068044788975023, 'decon': 13.8458225667528, 'gatk': 12.123169681309216}"
25,25366324,25382422,chr12,DUP,in_silico,,RB36964,3.0,KRAS,set(),"{'cnvkit': 0, 'grapes2': 0, 'decon': 0, 'gatk': 0}"
26,155872026,155876670,chr1,DUP,in_silico,,RB36965,2.0,RIT1,set(),"{'cnvkit': 0, 'grapes2': 11.068044788975023, 'decon': 13.8458225667528, 'gatk': 12.123169681309216}"
27,35522855,35524174,chr19,DEL,in_silico,,RB35019,1.0,SCN1B,set(),"{'cnvkit': 0, 'grapes2': 0, 'decon': 0, 'gatk': 0}"
28,236911848,236913140,chr1,DEL,in_silico,,RB35978,1.0,ACTN2,set(),"{'cnvkit': 0, 'grapes2': 0, 'decon': 0, 'gatk': 0}"
29,48785815,48787035,chr15,DEL,in_silico,,RB36085,1.0,FBN1,set(),"{'cnvkit': 0, 'grapes2': 0, 'decon': 0, 'gatk': 0}"
30,220287910,220289130,chr2,DEL,in_silico,,RB36086,1.0,DES,set(),"{'cnvkit': 0, 'grapes2': 0, 'decon': 0, 'gatk': 0}"
31,81693035,81694255,chr7,DEL,in_silico,,RB36152,1.0,CACNA2D1,set(),"{'cnvkit': 0, 'grapes2': 0, 'decon': 0, 'gatk': 9.836065573770492}"
32,19203657,19204877,chr11,DEL,in_silico,,RB36262,1.0,CSRP3,set(),"{'cnvkit': 0, 'grapes2': 0, 'decon': 0, 'gatk': 0}"
33,33021285,33022571,chr12,DEL,in_silico,,RB36278,1.0,PKP2,set(),"{'cnvkit': 0, 'grapes2': 0, 'decon': 0, 'gatk': 0}"
34,29099190,29100476,chr18,DEL,in_silico,,RB36287,1.0,DSG2,set(),"{'cnvkit': 0, 'grapes2': 0, 'decon': 0, 'gatk': 0}"
35,131719263,131720569,chr5,DEL,in_silico,,RB36307,1.0,SLC22A5,set(),"{'cnvkit': 0, 'grapes2': 0, 'decon': 0, 'gatk': 0}"
36,112471137,112472405,chr6,DEL,in_silico,,RB36335,1.0,LAMA4,set(),"{'cnvkit': 0, 'grapes2': 0, 'decon': 0, 'gatk': 0}"
37,81745784,81747064,chr7,DEL,in_silico,,RB36373,1.0,CACNA2D1,set(),"{'cnvkit': 0, 'grapes2': 0, 'decon': 0, 'gatk': 0}"
38,154142723,154143989,chr7,DEL,in_silico,,RB36489,1.0,DPP6,set(),"{'cnvkit': 0, 'grapes2': 10.66350710900474, 'decon': 0, 'gatk': 14.533965244865717}"
39,100658223,100659548,chrX,DEL,in_silico,,RB36535,1.0,GLA,set(),"{'cnvkit': 0, 'grapes2': 0, 'decon': 0, 'gatk': 0}"
40,21968121,21969403,chr12,DEL,in_silico,,RB36547,1.0,ABCC9,set(),"{'cnvkit': 0, 'grapes2': 0, 'decon': 0, 'gatk': 0}"
41,123585863,123587083,chr6,DEL,in_silico,,RB36611,1.0,TRDN,set(),"{'cnvkit': 0, 'grapes2': 0, 'decon': 0, 'gatk': 0}"
42,21584609,21585909,chr1,DEL,in_silico,,RB36612,1.0,ECE1,set(),"{'cnvkit': 0, 'grapes2': 12.846153846153847, 'decon': 0, 'gatk': 0}"
43,2605866,2607212,chr11,DEL,in_silico,,RB36614,1.0,KCNQ1,set(),"{'cnvkit': 0, 'grapes2': 8.618127786032689, 'decon': 0, 'gatk': 0}"
44,46277631,46278867,chr19,DEL,in_silico,,RB36615,1.0,DMPK,set(),"{'cnvkit': 0, 'grapes2': 54.28802588996764, 'decon': 0, 'gatk': 0}"
45,38751751,38752971,chr3,DEL,in_silico,,RB36707,1.0,SCN10A,set(),"{'cnvkit': 0, 'grapes2': 0, 'decon': 0, 'gatk': 0}"
46,38763173,38764479,chr3,DEL,in_silico,,RB36715,1.0,SCN10A,set(),"{'cnvkit': 0, 'grapes2': 0, 'decon': 0, 'gatk': 0}"
47,108358298,108359518,chr9,DEL,in_silico,,RB36722,1.0,FKTN,set(),"{'cnvkit': 0, 'grapes2': 0, 'decon': 0, 'gatk': 0}"
48,119141869,119143167,chr11,DEL,in_silico,,RB36735,1.0,CBL,set(),"{'cnvkit': 0, 'grapes2': 0, 'decon': 0, 'gatk': 0}"
49,32519296,32520534,chrX,DEL,in_silico,,RB36751,1.0,DMD,set(),"{'cnvkit': 0, 'grapes2': 8.723747980613894, 'decon': 0, 'gatk': 0}"
50,237888980,237890200,chr1,DEL,in_silico,,RB36767,1.0,RYR2,set(),"{'cnvkit': 0, 'grapes2': 0, 'decon': 0, 'gatk': 8.60655737704918}"
51,21958352,21959572,chr12,DEL,in_silico,,RB36818,1.0,ABCC9,set(),"{'cnvkit': 0, 'grapes2': 0, 'decon': 0, 'gatk': 10.819672131147541}"
52,162269847,162271071,chr1,DEL,in_silico,,RB36943,1.0,NOS1AP,set(),"{'cnvkit': 0, 'grapes2': 0, 'decon': 0, 'gatk': 0}"
53,133845577,133846968,chr6,DEL,in_silico,,RB36964,1.0,EYA4,set(),"{'cnvkit': 0, 'grapes2': 0, 'decon': 0, 'gatk': 0}"
54,236905620,236906918,chr1,DUP,in_silico,,RB35019,1.0,ACTN2,set(),"{'cnvkit': 0, 'grapes2': 0, 'decon': 0, 'gatk': 0}"
55,112919302,112920584,chr12,DUP,in_silico,,RB36085,1.0,PTPN11,set(),"{'cnvkit': 0, 'grapes2': 0, 'decon': 0, 'gatk': 0}"
56,38639733,38641117,chr3,DUP,in_silico,,RB36086,1.0,SCN5A,set(),"{'cnvkit': 0, 'grapes2': 0, 'decon': 0, 'gatk': 0}"
57,123576419,123577639,chr6,DUP,in_silico,,RB36228,1.0,TRDN,set(),"{'cnvkit': 0, 'grapes2': 0, 'decon': 0, 'gatk': 0}"
58,29421677,29423062,chr17,DUP,in_silico,,RB36254,1.0,NF1,set(),"{'cnvkit': 0, 'grapes2': 0, 'decon': 0, 'gatk': 0}"
59,15833332,15834620,chr16,DUP,in_silico,,RB36278,1.0,MYH11,set(),"{'cnvkit': 0, 'grapes2': 0, 'decon': 0, 'gatk': 0}"
60,38650548,38652032,chr3,DUP,in_silico,,RB36287,1.0,SCN5A,set(),"{'cnvkit': 0, 'grapes2': 0, 'decon': 0, 'gatk': 0}"
61,2228915,2230171,chr12,DUP,in_silico,,RB36307,1.0,CACNA1C,set(),"{'cnvkit': 0, 'grapes2': 0, 'decon': 0, 'gatk': 0}"
62,21605007,21606502,chr1,DUP,in_silico,,RB36372,1.0,ECE1,set(),"{'cnvkit': 0, 'grapes2': 10.836120401337793, 'decon': 0, 'gatk': 0}"
63,21107777,21109021,chr10,DUP,in_silico,,RB36373,1.0,NEBL,set(),"{'cnvkit': 0, 'grapes2': 0, 'decon': 0, 'gatk': 0}"
64,118022747,118023967,chr11,DUP,in_silico,,RB36426,1.0,SCN4B,set(),"{'cnvkit': 0, 'grapes2': 0, 'decon': 0, 'gatk': 0}"
65,127642251,127643471,chr5,DUP,in_silico,,RB36489,1.0,FBN2,set(),"{'cnvkit': 0, 'grapes2': 0, 'decon': 0, 'gatk': 0}"
66,22046390,22047684,chr12,DUP,in_silico,,RB36535,1.0,ABCC9,set(),"{'cnvkit': 0, 'grapes2': 12.59659969088099, 'decon': 0, 'gatk': 0}"
67,50627624,50628902,chr14,DUP,in_silico,,RB36547,1.0,SOS2,set(),"{'cnvkit': 0, 'grapes2': 0, 'decon': 0, 'gatk': 0}"
68,18815941,18817201,chr10,DUP,in_silico,,RB36557,1.0,CACNB2,set(),"{'cnvkit': 0, 'grapes2': 55.158730158730165, 'decon': 0, 'gatk': 0}"
69,237518665,237519885,chr1,DUP,in_silico,,RB36612,1.0,RYR2,set(),"{'cnvkit': 0, 'grapes2': 3.360655737704918, 'decon': 0, 'gatk': 0}"
70,98930677,98931925,chr12,DUP,in_silico,,RB36615,1.0,TMPO,set(),"{'cnvkit': 0, 'grapes2': 9.455128205128204, 'decon': 0, 'gatk': 0}"
71,37323518,37324784,chr5,DUP,in_silico,,RB36713,1.0,NUP155,set(),"{'cnvkit': 0, 'grapes2': 10.742496050552923, 'decon': 100.0, 'gatk': 14.612954186413901}"
72,112479358,112480658,chr6,DUP,in_silico,,RB36715,1.0,LAMA4,set(),"{'cnvkit': 0, 'grapes2': 0, 'decon': 0, 'gatk': 0}"
73,82072005,82073425,chr7,DUP,in_silico,,RB36835,1.0,CACNA2D1,set(),"{'cnvkit': 0, 'grapes2': 0, 'decon': 0, 'gatk': 11.549295774647888}"
74,39346801,39348213,chr2,DUP,in_silico,,RB36872,1.0,SOS1,set(),"{'cnvkit': 0, 'grapes2': 0, 'decon': 0, 'gatk': 0}"
75,21968121,21969403,chr12,DUP,in_silico,,RB36873,1.0,ABCC9,set(),"{'cnvkit': 0, 'grapes2': 0, 'decon': 0, 'gatk': 0}"
76,118022747,118023967,chr11,DUP,in_silico,,RB36940,1.0,SCN4B,set(),"{'cnvkit': 0, 'grapes2': 6.639344262295081, 'decon': 0, 'gatk': 0}"
77,140480800,140482068,chr7,DUP,in_silico,,RB36951,1.0,BRAF,set(),"{'cnvkit': 0, 'grapes2': 10.883280757097792, 'decon': 0, 'gatk': 0}"
78,67479127,67480423,chr15,DUP,in_silico,,RB36964,1.0,SMAD3,set(),"{'cnvkit': 0, 'grapes2': 0, 'decon': 0, 'gatk': 0}"
79,31697491,31893490,X,DEL,real_cnv,,RB35985,,DMD,set(),"{'cnvkit': 0, 'grapes2': 0, 'decon': 0, 'gatk': 0}"
80,15795800,15952000,16,DUP,real_cnv,,RB36192,,MYH11,set(),"{'cnvkit': 0, 'grapes2': 0, 'decon': 0, 'gatk': 0}"
81,162335132,162335427,1,DEL,real_cnv,,RB36154,,NOS1AP,set(),"{'cnvkit': 0, 'grapes2': 0, 'decon': 0, 'gatk': 0}"
82,186420500,186457800,4,DEL,real_cnv,,RB35977,,PDLIM3,set(),"{'cnvkit': 0, 'grapes2': 0, 'decon': 0, 'gatk': 0}"
83,151292420,151292550,7,DEL,real_cnv,,RB36171,,PRKAG2,set(),"{'cnvkit': 0, 'grapes2': 0, 'decon': 0, 'gatk': 0}"
84,23861760,23888828,14,DUP,real_cnv,,RB36721,,MYH6-MYH7,set(),"{'cnvkit': 0, 'grapes2': 0, 'decon': 0, 'gatk': 0}"
